﻿<?xml version="1.0"?>
<doc>
<assembly>
<name>
SprintDock
</name>
</assembly>
<members>
<member name="M:SprintDock.wpfDock.InitializeComponent">
	<summary>
InitializeComponent
</summary>
</member><member name="T:SprintDock.wpfDock">
	<summary>
wpfDock
</summary>
</member><member name="M:SprintDock.wpfMsgBox.InitializeComponent">
	<summary>
InitializeComponent
</summary>
</member><member name="T:SprintDock.wpfMsgBox">
	<summary>
wpfMsgBox
</summary>
</member><member name="M:SprintDock.Application.InitializeComponent">
	<summary>
InitializeComponent
</summary>
</member><member name="M:SprintDock.Application.Main">
	<summary>
Application Entry Point.
</summary>
</member><member name="T:SprintDock.Application">
	<summary>
Application
</summary>
</member><member name="M:SprintDock.MyList.InitializeComponent">
	<summary>
InitializeComponent
</summary>
</member><member name="T:SprintDock.MyList">
	<summary>
MyList
</summary>
</member><member name="M:SprintDock.wpfIconSettings.InitializeComponent">
	<summary>
InitializeComponent
</summary>
</member><member name="T:SprintDock.wpfIconSettings">
	<summary>
wpfIconSettings
</summary>
</member><member name="M:SprintDock.XamlGeneratedNamespace.GeneratedInternalTypeHelper.CreateInstance(System.Type,System.Globalization.CultureInfo)">
	<summary>
CreateInstance
</summary>
</member><member name="M:SprintDock.XamlGeneratedNamespace.GeneratedInternalTypeHelper.GetPropertyValue(System.Reflection.PropertyInfo,System.Object,System.Globalization.CultureInfo)">
	<summary>
GetPropertyValue
</summary>
</member><member name="M:SprintDock.XamlGeneratedNamespace.GeneratedInternalTypeHelper.SetPropertyValue(System.Reflection.PropertyInfo,System.Object,System.Object,System.Globalization.CultureInfo)">
	<summary>
SetPropertyValue
</summary>
</member><member name="M:SprintDock.XamlGeneratedNamespace.GeneratedInternalTypeHelper.CreateDelegate(System.Type,System.Object,System.String)">
	<summary>
CreateDelegate
</summary>
</member><member name="M:SprintDock.XamlGeneratedNamespace.GeneratedInternalTypeHelper.AddEventHandler(System.Reflection.EventInfo,System.Object,System.Delegate)">
	<summary>
AddEventHandler
</summary>
</member><member name="T:SprintDock.XamlGeneratedNamespace.GeneratedInternalTypeHelper">
	<summary>
GeneratedInternalTypeHelper
</summary>
</member><member name="M:SprintDock.wpfSettings.InitializeComponent">
	<summary>
InitializeComponent
</summary>
</member><member name="T:SprintDock.wpfSettings">
	<summary>
wpfSettings
</summary>
</member><member name="P:SprintDock.My.MyWpfExtension.Application">
	<summary>
 Returns the application object for the running application
 </summary>
</member><member name="P:SprintDock.My.MyWpfExtension.Computer">
	<summary>
 Returns information about the host computer.
 </summary>
</member><member name="P:SprintDock.My.MyWpfExtension.User">
	<summary>
 Returns information for the current user.  If you wish to run the application with the current 
 Windows user credentials, call My.User.InitializeWithWindowsUser().
 </summary>
</member><member name="P:SprintDock.My.MyWpfExtension.Log">
	<summary>
 Returns the application log. The listeners can be configured by the application's configuration file.
 </summary>
</member><member name="P:SprintDock.My.MyWpfExtension.Windows">
	<summary>
 Returns the collection of Windows defined in the project.
 </summary>
</member><member name="T:SprintDock.My.MyWpfExtension">
	<summary>
 Module used to define the properties that are available in the My Namespace for WPF
 </summary>
	<remarks></remarks>
</member><member name="P:SprintDock.My.Resources.Resources.ResourceManager">
	<summary>
  Returns the cached ResourceManager instance used by this class.
</summary>
</member><member name="P:SprintDock.My.Resources.Resources.Culture">
	<summary>
  Overrides the current thread's CurrentUICulture property for all
  resource lookups using this strongly typed resource class.
</summary>
</member><member name="T:SprintDock.My.Resources.Resources">
	<summary>
  A strongly-typed resource class, for looking up localized strings, etc.
</summary>
</member>
</members>
</doc>